,Unnamed: 0,HREF_log
0,0.0,https://encrypted-tbn0.gstatic.com/images?q=tbn:ANd9GcQvtU7gkfCPvo0k4FqwetKCqcIcXG3a75ntoKD20slciy8_36hiT9KY6SCOBJQ&s
1,1.0,https://encrypted-tbn0.gstatic.com/images?q=tbn:ANd9GcT70d-c1BFTmTlsWATgbS7uu90bJBtoZultjbund7pQVuLDHo8mkMXHX0Q9UVU&s
2,2.0,https://encrypted-tbn0.gstatic.com/images?q=tbn:ANd9GcTPhvir0chszhSjHrfZt_MOPkZldcocd40EFbXKzFL4ajp4qN24v5ChFMVsJU4&s
3,3.0,https://encrypted-tbn0.gstatic.com/images?q=tbn:ANd9GcSj0gDKF9OGGSvjGFmbmGw_5oMclduF9TmyOuK3kUwHFm7kMC4Vo3eXgzS3Mqs&s
4,4.0,https://encrypted-tbn0.gstatic.com/images?q=tbn:ANd9GcSEu2psrNNoxgBEQ4k97A8G4reNXzO_V0v_FkEcfBJtldc6m8E_fGHNkwXXGQ&s
5,5.0,https://encrypted-tbn0.gstatic.com/images?q=tbn:ANd9GcR23Z3tHqlhvTwrpfvq-AUS3WafI2YyFyYfJXLP1J6ZEbn_-nOkWCrxYZEtfA&s
6,6.0,https://encrypted-tbn0.gstatic.com/images?q=tbn:ANd9GcRbyArgp4yWyegsa-kCyXNeASF4H4bhmGyGoqMWlwUqzZRe-ofG0mVQTiDSKA&s
7,7.0,https://encrypted-tbn0.gstatic.com/images?q=tbn:ANd9GcQZrFxjJmOKtK7HeDCImuNRnaYgi4YE5FeMNU07aJVPFpgHKZpKJTDSKEAk5q8&s
8,8.0,https://encrypted-tbn0.gstatic.com/images?q=tbn:ANd9GcQlEXGbgEKsTfm9b_C5lEfVZizC80PuuIcTmC8xI2BfphENQs-RjgnM86gusaQ&s
9,9.0,https://encrypted-tbn0.gstatic.com/images?q=tbn:ANd9GcR1McWuxvnB2hznLufSTB5vDnHFA4WG3kCw7tCegoHIrAI3HNePY88f5j7SpDw&s
10,,https://encrypted-tbn0.gstatic.com/images?q=tbn:ANd9GcQvtU7gkfCPvo0k4FqwetKCqcIcXG3a75ntoKD20slciy8_36hiT9KY6SCOBJQ&s
11,,https://encrypted-tbn0.gstatic.com/images?q=tbn:ANd9GcT70d-c1BFTmTlsWATgbS7uu90bJBtoZultjbund7pQVuLDHo8mkMXHX0Q9UVU&s
12,,https://encrypted-tbn0.gstatic.com/images?q=tbn:ANd9GcTPhvir0chszhSjHrfZt_MOPkZldcocd40EFbXKzFL4ajp4qN24v5ChFMVsJU4&s
13,,https://encrypted-tbn0.gstatic.com/images?q=tbn:ANd9GcSj0gDKF9OGGSvjGFmbmGw_5oMclduF9TmyOuK3kUwHFm7kMC4Vo3eXgzS3Mqs&s
14,,https://encrypted-tbn0.gstatic.com/images?q=tbn:ANd9GcSEu2psrNNoxgBEQ4k97A8G4reNXzO_V0v_FkEcfBJtldc6m8E_fGHNkwXXGQ&s
15,,https://encrypted-tbn0.gstatic.com/images?q=tbn:ANd9GcR23Z3tHqlhvTwrpfvq-AUS3WafI2YyFyYfJXLP1J6ZEbn_-nOkWCrxYZEtfA&s
16,,https://encrypted-tbn0.gstatic.com/images?q=tbn:ANd9GcRbyArgp4yWyegsa-kCyXNeASF4H4bhmGyGoqMWlwUqzZRe-ofG0mVQTiDSKA&s
17,,https://encrypted-tbn0.gstatic.com/images?q=tbn:ANd9GcQZrFxjJmOKtK7HeDCImuNRnaYgi4YE5FeMNU07aJVPFpgHKZpKJTDSKEAk5q8&s
18,,https://encrypted-tbn0.gstatic.com/images?q=tbn:ANd9GcQlEXGbgEKsTfm9b_C5lEfVZizC80PuuIcTmC8xI2BfphENQs-RjgnM86gusaQ&s
19,,https://encrypted-tbn0.gstatic.com/images?q=tbn:ANd9GcR1McWuxvnB2hznLufSTB5vDnHFA4WG3kCw7tCegoHIrAI3HNePY88f5j7SpDw&s
20,,https://encrypted-tbn0.gstatic.com/images?q=tbn:ANd9GcRFQjAWidFfbUx8fr-y9QJB2DKXRr5EL7i-Csteho3q7cvBw6flBPX4PhOaA6I&s
21,,https://encrypted-tbn0.gstatic.com/images?q=tbn:ANd9GcQhX305zpDuqIlbq9Ys-kStruNvkwBZ28ZyrI9F6mevESdzmDoCAw_PF4jwkQ&s
22,,https://encrypted-tbn0.gstatic.com/images?q=tbn:ANd9GcTSibqAm7FlkWFctysaVtCAPRw73589tfLuOtmK-oyIMCtQOj95Po7t7QL-EUw&s
23,,https://encrypted-tbn0.gstatic.com/images?q=tbn:ANd9GcRMm-mdSE1W-u0MEfKxdTgJWohSC4RrQvK3dA0dth_7ljRf-hzLdGKirGQr3zM&s
24,,https://encrypted-tbn0.gstatic.com/images?q=tbn:ANd9GcSsiPtN8q5oJLNwgsPOkIA0dIgxJZnecWgcAo3tCWm4Ue3IR6RBZMkem1LOBQ&s
25,,https://encrypted-tbn0.gstatic.com/images?q=tbn:ANd9GcQj0QJOnKNsq11QDdwG1cAR9O9cZzyyMZKetJcTHb1qyRksFpzJmz3dH4ubYQ&s
26,,https://encrypted-tbn0.gstatic.com/images?q=tbn:ANd9GcRHwG1p57AWCVctM7Tx9UR1sB7CCIL_iAMsNKuxUcN_dwhbZt8m6PaDYjSXtA&s
27,,https://encrypted-tbn0.gstatic.com/images?q=tbn:ANd9GcQ_0k3PeLoxIF9_Y-0-yAouCcDaBR-d5072H60XLulXyWh1oY8DjSvkP2coqms&s
28,,https://encrypted-tbn0.gstatic.com/images?q=tbn:ANd9GcQ8tQGsS3vjIb-26gE9vCBkfYjBWE1yPU1I6n9dmKogOpDemFGjzilGJC9Rv0I&s
29,,https://encrypted-tbn0.gstatic.com/images?q=tbn:ANd9GcRUurnXmNXDZOmUJEEH8mShUvWJ64BcGewy2SAgbTTstrIKtdKRoWHkNSZ9LQ&s
30,,https://encrypted-tbn0.gstatic.com/images?q=tbn:ANd9GcQvtU7gkfCPvo0k4FqwetKCqcIcXG3a75ntoKD20slciy8_36hiT9KY6SCOBJQ&s
31,,https://encrypted-tbn0.gstatic.com/images?q=tbn:ANd9GcT70d-c1BFTmTlsWATgbS7uu90bJBtoZultjbund7pQVuLDHo8mkMXHX0Q9UVU&s
