,WORDS
832,"cabins,"
941,Connections
1003,Ferriol住宅/
1104,Casos
332,Loft
0,To
1378,strive
1754,keeps
845,designer
543,Bought
2048,Béla
946,Skin
15,like
403,Fehn
4,Castelvecchio
384,Israel
1246,Christian
883,13–26
798,searching
772,Church
383,"Tikva,"
1750,love
1947,message
568,Koshino
222,featuring
2128,Littoral
1748,Ikuya
261,+
1141,Read
628,Ethiopia
149,Her
1907,Hundred
891,Cope
994,Francesca
90,IROJE
1787,Stuifduin
213,Marko
2117,subjects
1161,"Address:Tokyo,"
1240,CRAB
1508,Peter
1958,nuestro
337,Fill
1109,Haus-Rucker-Co:
276,Twin
828,Echo
323,updated
1287,across
467,14265
928,Plant
1245,Spotlight:
1583,Digital:
713,Rural
1969,Solution
1618,colonisation
1824,inspiring
2003,Roof
2145,Cart
1031,We
707,Traditional
793,…architecture
1620,move
1594,articles
2133,DuGR
1788,Sacred
1785,Chromodynamics
885,21
650,WEARING
2,Authenticity:
1547,Sea
1866,Finnish
1354,Models
2086,Untitled
1737,explores
1180,Meuron
1578,Wood
1526,cedar
1126,“Architecture
1817,memoriam:
1168,Sydney’s
958,Glass
1534,Smiljan
1265,“沙漠中的曼哈顿”：也门希巴姆的古代摩天楼城市
868,finishes
1688,Realism
1974,Lexan
39,Shores
1606,lifting
917,Talk
1197,"Village,"
2045,Sections
2067,Filmmaker
1403,closely
1282,FIVE
474,Fortezza
1486,fala
1601,us
1569,Starlette
1854,Galería
2076,Lived
1484,Tagliabue
1214,"Address:Maharashtra,"
355,2000
1544,"Sabayés,"
1395,working
1727,denied
1018,Environment
1138,media
476,Scherer
1118,Archive:
262,Gabinete
1651,No.
348,#Tags
1631,DECOLONIZZAZIONE
38,Rainbow
257,–
1200,Chong
1816,Wallpaper*
649,Select
1925,foundations:
1786,Crematorium
1932,MULTIFUNCTIONAL
1326,Gregory
2052,Carlos
385,SABA
111,Spain
715,探寻亚非传统建筑的结合如何减少坦桑尼亚农村疾病的产生
1945,Finding
1880,Wu
848,Sam
797,"at,"
1911,UP
1922,Renzo
1057,Lleialtat
1411,met.
1190,Submarine
532,just
856,performance
1995,revolving
1843,"Bert,"
736,heart
988,plane.
886,Pacific
416,"works,"
353,BIT
755,Kuma
1793,Crematoriums
1692,Still-Life
770,月光小屋
762,"""Super"
1360,finely
1746,inbox
1806,"St,"
779,2400
673,Nghia-Architect
46,Shigeru
858,innovative
1426,11
999,"Consell,"
1342,myself
610,"L'Arbresle,"
657,Aarau
386,Sara
710,Could
1774,Zen
124,GKD
702,Skene
665,Acceptable!
683,-77
840,sustainable
1795,Takeko:
644,China
1382,reflects
1043,Vokes
1099,Abbey
939,Anniversary
1194,Address:Chom
1435,Timber
1299,Terracotta
170,Tony
137,for
2032,MAP!
1543,Address:22150
422,nature
1904,"Artists,"
412,Storhamar
325,all
404,Address:Viale
52,prisms[edit]
1253,British
1340,try
318,von
1679,Lecture)
815,Paris
1977,tongue
1993,ABLOY
304,"Address:Gurtenkulm,"
363,Old
1822,Thank
1367,calm
405,Trento
234,cabinetry
1902,Juracek
571,Architect
270,Chile
1482,2004
1148,Albert
739,19th
426,Arkitektur
833,treehouses
902,"Street,"
875,comfortable
776,Address:På
592,MESURA
1875,House，迈向大海的悬崖住宅/
752,Address:Heyri
79,can’t
1285,AWARDS
659,2007–2015
2075,UCL
307,Switzerland
1711,going
1712,far
420,speculations
1281,Loftus
486,Italian
2129,thinking
1394,enjoys
1428,Welcome
513,Sforzesco
1256,Burle
1329,Professional
737,Melbourne.
1344,beam.”
204,Location
40,Menu
1351,"Schank,"
1500,Kersten
1209,WXY
1918,English
945,2011
502,Vieira
1847,Plaza':
748,years.
1761,50
1568,Craft
1059,1214
866,complete
466,"Capulín,"
1258,Much
169,Kiosk
1072,Address:Cles
1954,en
277,Holiday
145,Blends
296,Arkitekter
142,Sculptor
1198,Pak
69,Refine
1300,Account
1991,Products
175,Beach
9,past
586,Pacheco
1376,through
1510,Zumthor:
140,Couple
510,Guesthouse
1179,Herzog
1290,during
481,3TI
1928,affecting
1538,Salto
431,take
766,Moonlight
960,Reflective
366,Modern
322,stay
1840,Lens
352,1998
1989,©
538,Cozy
862,construction
1778,actually
1322,@wowowaarch
1735,Vol.2
2035,Mori>
1268,MT
178,Wakayama
462,Dirección:Miguel
1309,Cancer
450,Source
2091,Thomas
1666,homeless
1457,.
1444,Assemble
85,silence
1219,Business
635,facts
1709,those
1203,"30130,"
1575,Post-Digital
985,2017
720,Overview
1982,Perfect
816,Captured
311,hædrer
956,Top
1938,8510
2087,"See,"
63,Barragán
290,"Island,"
2146,Contributor
1276,Silvester
74,Daisuke
566,"Seljord,"
1261,Desert':
418,ground
2135,SOUND
694,Utsunomiya
1656,full-scale
256,cul-de-sac
2027,"disparities,"
114,"sorry,"
274,Tokyo
489,Brasileiro
1782,Hisami
1049,Charles-Ginn
874,"practical,"
954,Found!
139,Design-Loving
1052,REURBANO
55,Personal
1577,Illustrate
729,place:
725,Flinders
1184,Biscayne
1933,HIGH-RISE
2100,you?
184,Bamboo
1851,arriba
781,"NV,"
205,25
1672,Ranciere
1811,States
553,Godsell
500,Álvaro
1699,HOLL
691,»House
789,Andelfingen
724,Netherlands
61,FOUND
642,"Qinhuangdao,"
123,|
1147,Katiou
918,Little
194,Divcibare
196,塞尔维亚
1291,"night,"
333,Conversion
1838,experiments
681,outlook
1924,Tall
699,di
345,Diverse
1134,unable
1144,Mischievous
1722,Moments:
599,Vara
360,PUBLIC
540,Rugs
171,Hobba
944,"15,"
823,Bruna
1607,veil
992,Kindergarten
1678,Inaugural
326,things
1213,Padora
43,Without
535,today.
1853,abajo
121,Omega
1119,Latest
2036,Mori
496,巴西雕塑博物馆
361,HIGH
524,Go
314,Rose-Tinted
1948,yielded
1935,UNDERGROUND
1347,RACV
1401,involved
594,Wabi
520,Reply
475,Markus
537,Space-Saving
668,Privacy
367,1974
1647,-1983
59,PAGE
470,"D.F.,"
1529,Ellrichshausen
2130,Duik
820,Fantastic
2028,definitely
1137,Planning
596,安藤忠雄建筑事务所
225,"fixtures,"
1385,engage
1280,18
685,Classic:
1959,sitio
1931,Topic:
912,Methods
1823,registering
473,Fortress
285,Housing
1173,Central
1178,Perez
485,Inspired
441,Low-Income
131,on
356,CATHEDRAL
2019,Uh-oh
249,Agricola
409,1967-2005
1468,Blog
1006,ARQUITECTO
1809,"06511,"
810,Point
456,Capilla
1946,London
1766,Goze
1963,"MO,"
1700,1/1/14
26,The
1472,[
1753,graphic
1695,Learn
179,spray
1438,Stego
25,Edition)
185,Teahouse
802,Rate
388,Reza
730,destination
930,Historical
1275,Rock
861,waste
576,Bernardo
964,Processes
390,Address:Iran
1955,mejorar
1738,Japan's
504,giorgi
509,Baron
1069,Caltron
950,Wikipedia
634,comfort
519,Leave
458,Capuchinas
1813,dynasty:
1971,Span
893,Ah
1286,40
1066,VOID
308,Henning
2080,Power
1045,}
580,"Playosa,"
134,backReturn
51,Contents
1541,Marin
1365,STAFFORD
614,Antonini
1021,Spaces
1103,Seasonless
1653,Anna
841,cabins
1936,PARKING
1603,Futures:
648,Murcutt
506,architetti
1726,Access
341,"Ropes,"
2126,Ilya
1488,MARQUARDT
419,his
2025,started
423,material
439,Arts
949,Frit
978,Brisbane's
1921,Fondazione
1525,hozho
2051,Films
1551,Address:Okholmvej
1962,"City,"
658,"Aarau,"
516,Moura
1836,Mosbach’s
654,VISITING
370,für
1242,Thong
465,El
837,private
678,fujimoto
1837,“submersive”
800,life
1247,Portzamparc
1492,REBELARCHITETTE
1361,crafted
1637,Broomberg
2115,paper—a
1563,AND’ROL
1410,program
1509,Zumthor
546,Alentejano
1831,Gmail
784,Doshi
494,da
425,"2009,"
2038,Heaven
1897,Was
167,Third
1966,Seamless
674,越南T住宅，城市中的间歇
2016,Ancestors
2059,Reimagined
1724,Translation
1400,She
1927,Factors
1917,Austria
541,You'll
310,Fond
876,stylish
638,DUST
804,you're
1015,Spirituality
380,Doron
2112,"rooms,"
1114,Reflect
54,House
1358,studio.
757,Tags
442,Prototypes
1640,Mechanism
1387,teaching.
2033,#WAWMAP
1803,Manuscript
1296,three
228,deck
109,Arquitectos
97,South
947,Double-skin
53,Schindler
176,Bark
2104,German
1645,Lockers
1473,]
1940,Morris
1734,YOSHIDA
1522,Lamp
499,Tea
201,Villa
796,"about,"
805,cannot
1336,cause
340,"Mist,"
1549,Mandrup
165,Image
809,Twitter
1465,Category
1532,Parr
920,Development
1617,cusp
1452,rue
1642,Indigenous
1399,large
421,human
223,high-end
1226,Mies
1521,Oil
910,instead?
58,Forbidden
150,Genesis
1775,Foto
1485,EMBT
298,"Møgeltønder,"
1009,Constance
1480,"Madrid,"
1215,Buchanan's
740,century
982,Times
857,materials
1064,HYBRID
64,Studio
1535,Radic
1448,DIRECTIONS
1029,Please
2053,Reygadas
452,Share
1073,"TN,"
1680,Lumière
1905,Type
428,invited
907,browsing
916,Environment:
130,available
1648,reading...
65,Dezeen
911,Facades:
100,Garden
269,Retreat
379,Junior
1233,Cidade
1572,"Then,"
49,Houses
512,Castello
1090,"N,"
812,SUPERFUTURE
1477,Escuelas
446,Maputo
144,Lam
1502,Van
1332,Hiring:
507,John
1542,Gavin
1597,you...
188,HUT
704,Peña
1108,chiaroscuro
2012,Merri
1154,gurunsi
2077,Conformist
838,projects.
1089,du
98,Korea
1878,北方的院子·擦石匠
1249,File
1659,SINCERELY
2040,Beautifully
240,"Address:Nakuru,"
253,an
357,SQUARE
785,"Address:Ahmedabad,"
1503,Severen
919,Progress
1008,view
91,Architects
80,be
1941,Adjmi
663,Olive
961,Coating
979,history
143,Dan
909,posts
402,Sverre
821,Architecture:
186,Harmony
1362,"Architects,"
1682,Key
1646,US!
287,Pobla
1984,Solar
827,Bibiography
1277,Fuller
564,Eggertsson
181,Plugin
619,Studios
768,Clements
1207,Farm
229,"system,"
1528,-5
567,Norway
157,Building”?
1224,Drawings
656,<Extension
1967,"Flush,"
1743,Creative
1513,Presence
1561,Search
1698,STEVEN
320,Join
1323,QUARANTINE
92,Planners
1308,Integrated
995,Homar
401,Venice
555,OS
1028,Desmystifying
1355,Australian
2024,"(yes,"
695,DETAIL
1633,Bone
159,damage
32,ornament
78,That
1899,Sheds
1317,"environmental,"
709,African
2042,Stop-Motion
687,Emilio
1507,Talking
1900,Judy
855,using
408,Hamar.
282,Suppose
259,Fanego
1586,'Real'
1125,Koolhaas:
597,Pezo
1191,Coffee
173,Australia
120,Fabrics
1084,maanantai
1556,Jean
1694,BUY
2020,DETOXING
1056,Community
1442,Swiss
1065,"BUILDING,"
1755,techniques
1421,Bower
529,"inaccurate,"
1957,experiencia
2148,Idea
1187,"33130,"
1815,1945
2013,Creek
843,designed
281,Kiirenakamyo
1348,Cape
324,with
198,Rob
1635,Chanarin
1634,Oliver
1997,Beautiful
925,Passive
615,Darmon
1495,association
183,Office
2131,Bassel.2
1366,sense
1284,AIA
83,Popular
792,"District,"
1828,Google.
1676,Art’
2095,1964)
264,Arquitectura
1124,Rem
889,evening
309,Larsens
728,fundamentally
574,经典:
2023,ACT
62,Luis
696,issue
1166,Vivid
743,has
581,"Córdoba,"
854,"Scotland,"
859,","
1076,"7,"
245,Aires
1868,Li
1098,Person
863,process.
517,>
1044,Peters
771,Grundtvig's
1581,Journal
2125,same”
1613,offer
464,"43,"
556,NOLASTER
2030,1000
1879,氙建筑
639,Seashore
1176,Tropical
967,two-skinned
382,Address:Ganei
1183,1103
1051,Dublán
998,7330
913,High-Performance
751,SsD
548,Scattered
557,Looking
528,"outdated,"
1683,Words
1396,broad
377,LOADING
617,Series
1211,Jetavan
763,"Space"""
716,reliable
901,Bligh
24,(New
1129,Today”
1742,Inspiration
1067,SPACE/HINGED
1262,"Shibam,"
263,de
651,MASK
1053,Light
1706,Johnson
2083,2.1
2119,Louise
1825,minimalism
1949,results.
1088,Architectes
951,redchalksketch
1414,profession
1022,Cities
28,treatment
1555,Preference
1325,Acceptable
152,Art
336,Mexican
1883,"Beijing,"
993,Address:Avinguda
955,Highlight
892,Vernon
317,Freunde
33,in
300,Gurten
1909,shimmering
630,POTSDAMER
1121,Kazuyo
427,N
297,Address:6270
1696,Britannica
1048,"Owen,"
372,One
461,obra
703,Catling
1772,images
413,"Barn,"
1257,Marx:
1318,economic
146,Outside
330,Bush
1757,GalleryIkuya
95,"Address:Gunwi-gun,"
834,small
182,People's
1158,Tama
991,Consell
44,Walls
2050,Spirituality:
2007,behave
1174,Marrickville
1201,Nakhon
1643,Flourish?
2031,WOMEN
468,Ciudad
1792,Indian
606,Corbuiser
717,way
84,shape
579,Address:La
17,books
1085,"Tetris,"
154,Topics
125,This
697,Notiz
693,House«
565,Address:3840
102,Singapore
1519,Pale
1397,range
1192,Tank
1254,Listing
41,Designing
29,of
1082,Kalenteri
531,server
1920,Facades
1590,Conversation
1139,North
1773,courtesy
625,Vilalta
445,Affordable
655,NGV
616,"Address:Boulogne-Billancourt,"
1091,75018
1475,Centro
1514,164
1392,Bachelor
806,Man
672,T
148,into
551,Glenburn
603,Circular
1398,"projects,"
302,(Gupa)
851,manufactured
1270,PLUMMER
2006,really
233,custom
869,each
1462,del
77,Oops!
1929,selection
1041,{
1794,Koichi
677,sou
782,Sangath
1208,Archihood
1252,(1910-2009)
1641,Helps
2143,Grèce
618,Artists’
1697,articles:
1266,Shanks
602,Maze
1248,聚焦：克里斯蒂安·德·波特赞姆巴克
646,Painter
1333,Bloom
1903,Surfaces
247,Areia住宅
1320,heart.
235,between
1895,树屋
996,i
469,"México,"
647,Glenn
1494,profit
57,403
1610,Marsh
2044,Shadow
542,Glad
1527,rainscreen
890,Megan
1765,spent
316,Pedevilla
216,2.5
698,Hotel
399,Classics:
1303,Too
1037,Paul
1467,Projectes
10,and
457,las
587,Marie
1842,Address:99
527,either
393,estudio
1820,(1924
1908,Naturally-ventilated
1686,Rhetoric
1797,two
711,Minimize
5,How
605,Tourette
1649,Lantau
236,grid
1763,"ago,"
2041,Choreographed
391,Centinela
328,Related
398,AD
447,Forum
2098,Uniformity
1664,ordinance
1704,death
1614,timely
688,Ambasz
1839,Louvre
1605,Pascoe
1859,cuenta!
1272,Cavill
1758,Hashimoto
2057,Europe
897,Facade
547,旷野中的宁静——阿连特茹住宅
151,G70
1478,Pías
299,Denmark
1632,Spirit
871,specified
89,/
1612,Jones
1681,Galaxy:
482,Progetti's
1310,Leading
1530,Unveils
1334,Archives
609,69210
738,Built
584,Luz
853,southwest
1801,Beinecke
1874,Loba
1736,Jidouhanbaiki:
1915,Bregenz
1188,USA
174,Marcus
937,Florence
1961,Address:Kansas
972,Façades
601,Biennale
570,Ando
1621,"Banou,"
935,Converted
293,Slotfelt
1906,Hoyt
1255,Roberto
966,Duty:
252,dream:
1768,Soko:
1432,Morden
1259,than
1819,Boeri
2000,Safety
1671,Jacques
1898,Hay
1234,Artes
878,living.
1372,hands-on
1260,'Manhattan
749,White
756,Associates隈研吾建築都市設計事務所
1829,Sign
1891,Piet
180,Courtyard
1714,out
1516,seen
2124,basically
14,also
490,Escultura
1512,Observations
560,Greek
289,Address:Majorca
18,Le
818,Kronental
814,Estates
1159,Toyo
1095,Alan
1244,带状趣味住宅/
238,Nakuru
1732,Editor
675,Centre
970,intense
2089,app
440,Designs
1910,mirage
1116,对这9位建筑师影响最大的住宅项目
172,"Address:Torquay,"
1216,"Oops,"
1454,Rozier
1149,Faus
2022,PLURAL
2127,Kutik
1630,ENTE
758,In:
788,AWEL
778,"14B,"
23,Forms
1479,"Lavapiés,"
643,"Hebei,"
1973,Connectors
108,Navarro
830,"bespoke,"
2102,large-scale
1808,CT
1343,path
1491,Philosophy
1756,alive
2085,Theory
1559,2019
676,Tasmania
127,is
373,gelegt
1615,illustration
1798,grandparents
1177,Literacy
483,Civic
1713,possibly
2111,waiting
1368,belonging
844,winning
1390,Principal
969,combats
266,Residencial
1132,Homepage
129,longer
880,Asia
1221,Composer:
1434,Structural
1849,materia
2118,depicted.
1412,contributes
1417,research.
1627,Publications
1505,Multiplicity
544,Room
1150,Address:Komsliga
745,compromised
106,Medialab-Prado
147,World
2082,Lacan
1328,Profile
795,…thinking
591,IV
1025,Inbetween
987,horizontal
2114,humble
1850,desde
1582,Notes
1937,(Read
1710,risk
727,becomes
1670,"forms"""
1239,Abedian
637,Caldera
1892,Oudolf
1662,Angeles
1604,Bruce
1871,Avenue
1609,generation
1185,"Boulevard,"
1511,Seven
1579,Renaissance
2152,think?
636,figures
2058,Sensing
701,Flint
344,7
20,-
2144,Shopping
2096,Signup
864,bespoke
791,Address:Andelfingen
1667,encampments
1383,personalities
826,identities
1469,l'arquitecte
1440,Caruso
1100,Lady
1744,Boom
1153,Faso
1163,Libraries
471,Video:
686,Cordoba
432,new
1968,Spanning
1994,all-glass
1580,Berlin
303,:mlzd
1685,Come
1418,founded
764,Amsterdam
319,Freunden
1162,Japan
2062,Sculpting
1592,Kulper
1391,(Hons)
1976,Features
1564,BelvÃ©dÃ¨re
2116,generic
718,stream
2056,feedback
620,Fogo
2101,meticulously-formed
1416,roles
2005,lingering:
746,alterations
1237,找不到文件或目录。
279,Overlooking
1278,based
2107,encounter
2017,Simon
511,Ravelins
1112,Title
931,Buildings:
217,Khuon
1012,Spaces:
2108,daily
488,Museu
1499,info@designersonholiday.com
1080,Foundation
218,'PORTAL'
1741,machines
1230,Shaping
82,Most
1077,BARRAGAN:
750,Block
1236,服务器错误
35,by
495,Rocha
2004,lizarding
1810,United
562,Landscape
1779,very
670,data
158,Fire
588,Clément
1988,Expanded
1186,FL
2039,playing
786,India
1876,Cashijiang
301,Pavilion
1032,checking
47,Ban's
1446,Masking
1873,",Shanghai"
508,Pawson
1981,Picture
1616,lands
1636,Adam
1122,Sejima
1553,6760
595,墨西哥工坊
1470,David
765,Address:
1078,Alvar
1926,applications
1978,groove
1271,SMITH
604,Convent
1058,Santsenca
1705,C.F.
1020,Emerging
759,Studioninedots
1143,Neither
286,Sa
67,dezeen-logo
803,Oops
191,Post
497,Boa
122,1510
375,"Doubleday,"
895,POSTPONED
1745,delivered
335,Young
1449,Unsere
1881,Yueshi
1202,Ratchasima
1930,Author
590,Portugal
1914,Kunsthaus
1689,Illusionism
1040,Lineburg
338,MoMA
900,discussion
708,Asian
2106,typical
72,Transustainable
515,Souto
1319,sustainability
1657,megalith
1867,600块颤动瓦片，传统芬兰小屋再造
243,na
1975,Thermoclick
107,Langarita
921,(vol.1):
700,OAK
1106,"Silhouette,"
1623,Practice:
1591,Perry
436,Danish
1406,consultants
572,&amp;
539,Area
1243,NISHIZAWAARCHITECTS
1588,Unfathomable
726,Street
973,Confidential
1227,...
2103,"models,"
2055,Forward
829,specialises
1131,Company
1337,light;
558,something?
1420,MRTNArchitects
2138,Backyard
754,Kengo
706,Combining
1677,(CFAC
251,Living
2139,email
132,ArchDaily.
291,Balearic
661,Cabin
86,More
1474,Gone
1430,Sands
1030,wait...
118,wrong.
1070,Mirko
116,something
1939,times)
1447,Culture
1769,Asahi
306,"Köniz,"
608,"Lyon,"
2142,Vivre
2014,Julian
349,Alberto
692,before
265,Projetos
1,Rethinking
193,nendo
1893,Tree
1546,Wadden
1222,17
943,August
424,history.
1167,Due
206,year
514,Contact
1443,Arena
807,who
908,some
1456,S
1381,playfulness
1536,铜住宅2号
1081,#NAME?
559,Summer
1061,ST.
1160,Ito
1283,WINS
953,Login
164,Verbakel
2021,INEQUALITIES:
2099,unique
1384,clients.
627,"Ababa,"
1377,making.
478,Dietl
202,dall'Ava
2153,Cancel
1602,contributors
1493,APS
451,Barragan
640,Vector
1356,Model
1554,"Ribe,"
1545,"Huesca,"
163,Derman
2001,compliance
443,Mozambique
1407,ensure
203,2018
250,Rua
1703,Scholar?
811,Supreme
783,Balkrishna
744,been
126,product
850,are
1113,9
582,Argentina
42,Architecture
569,Tadao
1665,curb
1352,Victoria
407,"Museum,"
577,Nicolás
1305,Requests
936,Showroom
589,"Address:Luz,"
1628,ENTITY
211,ARCA
1715,"go…"""
846,Echo's
2121,“Whether
68,Follow:
1889,Site
824,Canepa
836,commercial
975,quest
2034,Toshiko
1156,always
1587,Fathoming
903,Sydney
215,巴西ARCA
1858,primera
1814,since
1014,American
554,伯恩别墅
684,LIBRARY
1011,Spiritual
460,la
1373,approach
626,Address:Addis
1204,Thailand
2137,Paradise
1790,"""Taboo"
113,We're
480,Italy
536,10
679,master
741,Melbourne’s
2151,Nullarbor
714,Tanzania
1047,Wooloowin
1359,specialise
2049,Carnal
1364,Artists.
1380,warmth
1598,Dr
1864,Shingles
1886,Shelter
244,Areia
1777,show
2063,experience
721,Couch
505,lgb
2071,Session
865,buildings
1515,Drought
2078,-1970
1719,Edo
607,Address:Rue
1887,Roman
214,Brajovic
1127,Serious
1550,A/S
1206,Dandelion
2010,Used
444,丹麦皇家美术学院设计的莫桑比克保障性住房原型
790,Rossetti+Wyss
1016,its
1409,budget
1027,Primer
705,星火档案馆
1796,tale
974,Pages
1764,time
1422,Interiors
822,Illustrations
980,modernist
1142,review
415,best
1570,303
1506,Memory:
1718,Tokyobling's
573,Associates
19,Corbusier
1060,HARQUITECTES
1375,learning
3,Scarpa's
1985,Thermal
1629,DECOLONIZATION
275,Apollo
761,Create
1316,transformation
376,Deutschland
1324,406
1760,looks
1023,Thresholds
922,27th
1311,offices
81,found.
983,From
1821,2020)
153,Car
2011,"Evening,"
429,Helene
968,façade
448,Tjuntjuntjara
1092,"Paris,"
1552,"5,"
1596,interest
1451,24
963,Manufacturing
1402,stages
226,modular
2054,Endnotes
1024,Transitions:
1668,fills
1832,Preservation
1827,account.
1169,Covid-19
831,off-grid
2092,Demand
1674,‘Cinema
327,FvF
1890,pearson
632,1
575,San
2110,airports
1415,teaching
284,Social
1986,Dynamics
933,Ancient
1152,Burkina
455,Arquitectura:
258,pictures
1068,SPACE
177,Design
1327,Burgess
1731,Photo
1951,December
192,navigation
255,California
434,museum.
2097,Unpicks
986,Flat
2037,Days
760,Will
1497,DIVENTA
882,Brisbane
1263,Yemen's
1560,Visual
1238,您要查找的资源可能已被删除，已更改名称或者暂时不可用。
2065,montage
1274,Balmain
1781,meet
612,Arches
1007,—
1292,BVN
1338,can
1466,Archives:
232,bed
224,detailing
1036,Team;
1128,Problem
1691,Dutch
112,About
1369,ioa
197,住宅
343,FYI.
305,3084
904,Error
1476,Cultural
1321,Selected
1752,Japanese
2088,that’s
1111,Reloaded
2018,Wonga
680,plan
34,works
1729,Hrudová
914,Envelopes
1269,COOT-THA
1884,Tara
1567,Contemporary
295,Praksis
1223,Collages
368,FOMINAYA
110,"Address:Madrid,"
801,environment.
1799,20th
394,ALA
48,Wall-less
1972,Capability
1042,Whilst
549,Cube
2046,Next
2122,insurance
965,Double
957,Low-e
1960,Nelson-Atkins
667,Groarke
825,Aboriginal
117,went
1684,Cinema
321,newsletter
1345,MONTHLY
2141,L'Art
623,Lideta
119,Metal
689,"Address:Seville,"
410,known
155,What
1707,Solutions
1487,BEHAR&ROSARIO
278,Homes
162,Seaside
1379,bring
1490,BOLLES+WILSON
742,landmark
1625,Technique
578,Campodonico
1626,Representation
1146,Meddlesome
1721,Honoring
1990,AGC
1083,26
1136,requested.
1979,connection
1289,recognised
248,Pensão
37,Kahn
392,Chapel
1912,Additional
60,NOT
1460,seleccionada
271,Ricardo
378,Rhishonim
860,low
1771,"Reprint,"
369,Grundstein
70,your
1861,Shelter:
1393,Environments
1650,Commune
56,tools
2113,rendered
1888,Archaeological
1231,Luxembourg
1004,césar
267,UBÁ
1218,Links
990,Buffalo
952,divisare
487,Poetry
521,Cancelar
2093,"(German,"
1389,Bracks
1725,1020
1445,Black
1371,provides
641,"Address:Beidaihe,"
1182,"Miami,"
1624,"Architecture,"
1427,Coffey
1805,Address:121
87,stories
1339,do
1789,Landscapes
1115,Them
66,Magazine
1658,SCI-Arc
1304,Many
977,glazed
1980,Framed
2084,Register
1952,Estamos
1970,Exceptional
1518,Shade
1857,tu
1894,6a
1297,named
773,Peder
682,tower
208,JURY
1818,Cini
280,Aegean
1848,reinterpretar
948,2
50,Tensegrity
1140,Queensland
1833,Self-Assessment
503,luciano
411,as
989,University
1872,Xuhui
1171,Details
1953,trabajando
1999,RD4-300
1005,portela
1267,HIRING!
934,Monastery
1776,want
629,JRKVC
8,bridged
1195,Khao
199,Kennon
1593,Similar
719,video.
71,search:
598,Ellrichshausen's
1312,Melbourne
2150,mystery
1877,xian
959,Benefits
780,København
1055,Trinity
133,Brief
799,"for,"
273,Box-Shaped
1054,Matters:
1749,Shigezane
472,2021
652,MANDATORY
1017,Effects
99,TRENDIR
1251,Shulman
230,custom-designed
1489,R&R
942,"Monday,"
1943,York
2074,Bartlett
160,repair
294,Barn
622,Projects
2070,Introduction
1135,find
1964,Knowledgebase
1830,continue
1346,DONATION
73,Sugawara
932,Study
1723,Lost
2064,essay
1619,Book
621,Back
1996,doors
662,Placed
1350,Resort
103,City
976,thick
1335,“I
881,PacificArchitectureFestival
1574,Age
1050,2011-2013
2068,video
1107,"tactility,"
1944,Moganshan
1279,Australia.
530,or
1558,PARK
2047,"Tarr,"
389,Sayadian
1669,"""Rude"
2002,Lichthof
2061,(…)
212,Atelier
777,Bjerget
6,Carlo
1841,SANAA
669,Policy
2136,BBC
288,RIPOLLTIZON
1035,Rosalie
2140,subscription
1923,Piano
1217,Helpful
1916,"Address:Bregenz,"
1405,builders
209,CITATION
735,linchpin
1673,Rancière
1210,Musashino
1164,Turning
1965,ATHERTON
1585,Experiences
1096,Knox
981,display
1784,content
1294,"awards,"
962,Types
1483,Miralles
1548,Dorte
1762,years
1353,Make
1105,Casas
1835,Catherine
479,"Address:Franzensfeste,"
414,Fehn’s
2090,for.
346,Future
769,Burrows
794,earth
915,Accounting
899,innovation
1693,Painting
227,demountable
75,Other
1431,End
1013,Evolution
1459,Leache
1102,Dvůr
1523,colorado
1071,Franzoso
753,"Valley,"
533,having
550,K2YT
491,(MuBE)
1165,Leaf?
593,西班牙IV
1288,13
1097,↑Other
817,Laurent
1690,Seventeenth-Century
1804,SOM
1571,Digital
526,link
1046,2012-2015
1517,above
254,idyllic
1429,Mae
1987,OKATECH
690,"Sevilla,"
1882,"Address:Huairou,"
1212,Sameep
1600,Banou
1181,Address:Pérez
105,MIGHT
207,award
1533,Copper
1453,Arthur
1496,ASSOCIATE!
847,founder
1826,avant-garde
241,Kenya
774,Vilhelm
1293,taking
1862,600
168,Wave
600,at
1608,Australia's
1370,practice
1717,Eliot
354,Texts
1611,Jonathan
839,"contemporary,"
161,Riviera
406,Hedmark
453,this:
923,International
1870,Address:Longteng
2066,tradition
492,Paulo
842,"buildings,"
1869,Deshaus
231,retractable
1033,browser...
1655,brings
493,Mendes
1767,GalleryHashimoto
1702,Semantic
1791,"Spaces"""
525,There!
1314,passionately
1844,62300
358,1992
76,Categories
1708,"""Only"
545,Litoral
849,"Booth,"
1175,Woollahra
1306,Ballarat
2069,essays
971,heat
611,France
870,individually
1002,Ferriol
1079,Aalto
1074,"Wednesday,"
664,Grove
1441,Press
1504,Dogma
342,Earthworks
808,Cambodia
873,interior
1537,Espacio
1110,Utopia
561,Island
552,Sean
940,Support
884,Mar
1439,details:
1942,Front
239,Orkidstudio
653,WHEN
1093,here
1531,Chile’s
1663,passes
1199,"Chong,"
1229,Habitat
1675,Frontiers
775,Jensen-Klint
2109,"basis,"
1566,Continuum:
2026,gender
272,Torrejón
1950,:
220,flagship
1349,Schanck
1424,Georges
11,present
331,Extension
1652,27
417,testing
1425,Road
631,PLATZ
1540,Sixto
1759,Shoko
1235,Bourdelle
1539,Roldan
585,Pedro
463,Hidalgo
2060,comments
1463,Palacio
1599,Sophia
7,Scarpa
1863,Kinetic
200,Sorrento
1423,St
454,Clásicos
136,Apartment
1800,Article
138,a
1019,Private:
1913,Resources
1386,research
1464,Condestable
387,Kalantary
381,Sheinman
21,Ideas
30,structure:
645,Meditative
210,Credits
1315,lead
1846,'De
93,Project
660,Prefabricated
350,Campo
583,Museum
1123,-2002
1189,Yellow
1086,artist
2009,Condorelli
1000,Illes
1038,Owen
1573,Enters
1520,Holocene
1739,obsession
1956,su
1730,Photographer
1101,Nový
501,Siza
1205,Korean
1436,Update
1471,Closes
927,Optimal
334,30
362,SCHOOL
351,Baeza
1450,Turnhalle
1834,Woodburytype
1157,there
498,Nova
1860,Experiential
128,no
1733,YOTA
435,Royal
1565,Crafting
246,Mateus
1901,A.
1357,Making
2132,User
938,25th
867,fittings
1172,Springfield
364,Mill
1307,Regional
722,MVRDV
1865,Reinvent
1094,section
887,Festival
347,Africa
872,elegant
896,Results
1120,News
906,Feel
359,DRAGO
1419,2016
2073,"Film,"
787,Workshop
1855,Imágenes
1481,EspañaAño
1404,"clients,"
905,404
1313,"Olinda,"
190,Whangapoua
242,Casa
1295,including
624,Market
1687,Perspective
371,das
997,"Pascual,"
732,architectural
879,morgan
315,Station
1751,books!”:
1433,shortlisted
1001,"Balears,"
16,these
1589,Get
1498,UN’ASSOCIATA/O!
1524,clads
45,Exploring
1934,COMPLEX
1622,Abstract
1740,vending
1885,Mumbai
433,photographs
395,"Address:Arandas,"
312,Main
1026,realm
1341,put
88,Hyunam
1220,Investment
1654,Neimark
1455,R
2120,Benson
1557,Prouvé
141,Brazil”
1728,Julie
1408,"brief,"
459,Ubicación
187,Consulting
563,Rintala
1302,429
1701,Practices
1193,Secondfloor
189,SLEDS
1363,Designers
135,“An
1802,Rare
2105,contemplates
397,Mexico
633,equipment
374,Daniel
430,Binet
2094,born
1458,Tabuenca
1720,Yanaka
747,over
219,our
1241,"Address:Queensland,"
852,in-house
734,urban
1225,Ludwig
1413,broadly
339,PS1
1087,Moussafir
2081,"""光""事件：路易·康与影子的力量"
260,Sergio
1039,Michael
2015,Ashton
1374,believes
767,Jackson
984,partners
2147,Brand
2072,#14:
156,“Green
835,building
1896,Metal-Clad
1845,"Lens,"
1584,'Virtual'
1250,Julius
221,"design,"
1716,~T.S.
819,Photography
1130,Fast
1576,Drawing
1145,nor
477,Walter
449,archive
195,EXE
2149,Magnetic
438,Fine
1062,IGNATIUS
1151,"Department,"
1232,Philharmonie
613,Boulogne
534,it
13,may
1919,May-14
27,eclectic
1595,Archinect
96,"Gyeongsangbuk-do,"
522,respuesta
31,significance
1330,Classes
723,"Address:Amsterdam,"
1770,Graph
731,distinct
1437,Clock
1301,unavailable
94,gallery
924,Conference
1063,Description
1856,seguido
1155,designboom
1983,Balance
1075,September
283,高低差と分節が生む豊かな住環境
1998,RD3-300
1273,Harcourt
400,Nordic
1562,WALL
1639,Cottage
2079,Error*
268,Indoor-Outdoor
437,Academy
1331,Now
484,Villacidro
2029,further)
166,想浏览ArchDaily中国吗?
666,Carmody
1807,"Haven,"
1661,Los
101,Home
237,frames.
733,identity
1501,Geers
929,Refurbishment
1783,Tanaka
1228,See
1992,ASSA
1117,Berlage
22,&
329,Shepherd’s
2123,"hospital,"
12,You
2043,Film
1852,hacia
1747,weekly
365,Turned
1010,Defining
898,technology
877,scale
36,Louis
1196,Yai
1264,Skyscraper
671,Maison
115,but
2008,Céline
1780,simple”:
712,Diseases
1388,Amy
894,Kee
523,Let's
2134,4
1638,Bozen's
1660,RUDE
1461,Restauración
926,Energy
396,"Jal.,"
1298,awards.
292,"Islands,"
813,Forgotten
1034,alvarosizavieira.com
888,Variety:
518,Arrabida
1812,Domestic
1170,Outbreak
1644,Smartalock
313,Oops...
1133,were
104,Center
